-- phpMyAdmin SQL Dump
-- version 5.1.3
-- https://www.phpmyadmin.net/
--
-- Хост: 127.0.0.1:3306
-- Время создания: Мар 03 2023 г., 08:48
-- Версия сервера: 8.0.29
-- Версия PHP: 8.1.5

SET FOREIGN_KEY_CHECKS=0;
SET SQL_MODE = "NO_AUTO_VALUE_ON_ZERO";
START TRANSACTION;
SET time_zone = "+00:00";

--
-- База данных: `store_test`
--


--
-- Дамп данных таблицы `product`
--

INSERT INTO `product` (`id`, `name`) VALUES
             (1, 'Колбаса'),
             (2, 'Пармезан'),
             (3, 'Левый носок');


--
-- Дамп данных таблицы `statement`
--

INSERT INTO `statement` (`id`, `product_id`, `document_prop`, `post_type`, `posted_at`, `amount`, `cost`) VALUES
              (1, 1, '1', 'income', '2021-01-01', 300, 5000),
              (2, 2, 't-500', 'income', '2021-01-02', 10, 6000),
              (3, 3, '12-TP-777', 'income', '2021-01-13', 10, 50),
              (4, 3, '12-TP-778', 'income', '2021-01-14', 50, 300),
              (10, 3, 'O-1677810695', 'expense', '2021-01-15', 1, 5.83),
              (11, 3, 'O-1677810739', 'expense', '2021-01-16', 1, 5.83),
              (12, 3, 'O-1677810768', 'expense', '2021-01-17', 1, 5.83),
              (13, 3, 'O-1677810768', 'expense', '2021-01-17', 1, 5.83),
              (14, 1, 'O-1677810803', 'expense', '2021-01-18', 1, 16.67),
              (15, 3, 'O-1677810794', 'expense', '2021-01-18', 1, 5.83),
              (16, 3, 'O-1677810795', 'expense', '2021-01-18', 1, 5.83),
              (17, 3, 'O-1677810795', 'expense', '2021-01-18', 1, 5.83),
              (18, 3, 'O-1677810842', 'expense', '2021-01-19', 1, 5.83),
              (19, 3, 'O-1677810843', 'expense', '2021-01-19', 1, 5.83),
              (20, 3, 'O-1677810843', 'expense', '2021-01-19', 1, 5.83),
              (21, 3, 'O-1677810844', 'expense', '2021-01-19', 1, 5.83),
              (22, 3, 'O-1677810844', 'expense', '2021-01-19', 1, 5.83),
              (23, 2, 'O-1677810851', 'expense', '2021-01-19', 1, 600),
              (24, 3, 'O-1677810921', 'expense', '2021-01-20', 2, 11.67),
              (25, 3, 'O-1677810921', 'expense', '2021-01-20', 2, 11.67),
              (26, 3, 'O-1677810928', 'expense', '2021-01-20', 1, 5.83),
              (27, 3, 'O-1677810966', 'expense', '2021-01-20', 3, 17.5),
              (28, 3, '12-TP-779', 'income', '2021-01-20', 77, 539),
              (29, 3, 'O-1677811076', 'expense', '2021-01-21', 10, 66.01),
              (30, 3, 'O-1677811081', 'expense', '2021-01-21', 3, 19.8),
              (31, 3, 'O-1677811116', 'expense', '2021-01-22', 10, 66.02),
              (32, 3, 'O-1677811116', 'expense', '2021-01-22', 10, 66.01),
              (33, 3, 'O-1677811128', 'expense', '2021-01-22', 1, 6.6),
              (34, 3, 'O-1677811169', 'expense', '2021-01-23', 10, 66.02),
              (35, 3, 'O-1677811170', 'expense', '2021-01-23', 10, 66.02),
              (36, 3, 'O-1677811170', 'expense', '2021-01-23', 10, 66.01),
              (37, 3, 'O-1677811175', 'expense', '2021-01-23', 1, 6.6),
              (38, 3, 'O-1677811209', 'expense', '2021-01-23', 3, 19.8),
              (39, 3, 'O-1677811284', 'expense', '2021-01-24', 10, 66.02),
              (40, 3, 'O-1677811285', 'expense', '2021-01-24', 10, 66.02),
              (41, 3, 'O-1677811285', 'expense', '2021-01-24', 10, 66.01),
              (42, 3, 'O-1677811286', 'expense', '2021-01-24', 10, 66.02),
              (43, 3, 'O-1677811292', 'expense', '2021-01-24', 5, 33.01),
              (44, 3, 'O-1677811450', 'expense', '2021-01-26', 4, 26.4),
              (45, 3, '12-TP-877', 'income', '2021-01-30', 32, 176);

--
-- Дамп данных таблицы `balance`
--

INSERT INTO `balance` (`id`, `product_id`, `amount`, `cost`, `balance_at`) VALUES
               (1, 1, 300, 5000, '2021-01-01'),
               (2, 2, 10, 6000, '2021-01-02'),
               (3, 3, 10, 50, '2021-01-13'),
               (4, 3, 60, 350, '2021-01-14'),
               (8, 3, 59, 344.17, '2021-01-15'),
               (9, 3, 58, 338.34, '2021-01-16'),
               (10, 3, 56, 326.68, '2021-01-17'),
               (11, 1, 299, 4983.33, '2021-01-18'),
               (12, 3, 53, 309.19, '2021-01-18'),
               (13, 3, 48, 280.04, '2021-01-19'),
               (14, 2, 9, 5400, '2021-01-19'),
               (15, 3, 117, 772.37, '2021-01-20'),
               (16, 3, 104, 686.56, '2021-01-21'),
               (17, 3, 83, 547.93, '2021-01-22'),
               (18, 3, 49, 323.48, '2021-01-23'),
               (19, 3, 4, 26.4, '2021-01-24'),
               (20, 3, 0, 0, '2021-01-26'),
               (21, 3, 32, 176, '2021-01-30');


--
-- Дамп данных таблицы `preorder`
--

INSERT INTO `preorder` (`id`, `product_id`, `document_prop`, `amount`, `ordered_at`, `price`, `sent_at`) VALUES
             (7, 3, 'O-1677810695', 1, '2021-01-14', 7.58, '2021-01-15'),
             (8, 3, 'O-1677810739', 1, '2021-01-15', 7.58, '2021-01-16'),
             (9, 3, 'O-1677810768', 1, '2021-01-16', 7.58, '2021-01-17'),
             (10, 3, 'O-1677810768', 1, '2021-01-16', 7.58, '2021-01-17'),
             (11, 3, 'O-1677810794', 1, '2021-01-17', 7.58, '2021-01-18'),
             (12, 3, 'O-1677810795', 1, '2021-01-17', 7.58, '2021-01-18'),
             (13, 3, 'O-1677810795', 1, '2021-01-17', 7.58, '2021-01-18'),
             (14, 1, 'O-1677810803', 1, '2021-01-17', 21.67, '2021-01-18'),
             (15, 3, 'O-1677810842', 1, '2021-01-18', 7.58, '2021-01-19'),
             (16, 3, 'O-1677810843', 1, '2021-01-18', 7.58, '2021-01-19'),
             (17, 3, 'O-1677810843', 1, '2021-01-18', 7.58, '2021-01-19'),
             (18, 3, 'O-1677810844', 1, '2021-01-18', 7.58, '2021-01-19'),
             (19, 3, 'O-1677810844', 1, '2021-01-18', 7.58, '2021-01-19'),
             (20, 2, 'O-1677810851', 1, '2021-01-18', 780, '2021-01-19'),
             (21, 3, 'O-1677810921', 2, '2021-01-19', 7.58, '2021-01-20'),
             (22, 3, 'O-1677810921', 2, '2021-01-19', 7.58, '2021-01-20'),
             (23, 3, 'O-1677810928', 1, '2021-01-19', 7.58, '2021-01-20'),
             (24, 3, 'O-1677810966', 3, '2021-01-19', 7.58, '2021-01-20'),
             (25, 3, 'O-1677811076', 10, '2021-01-20', 8.58, '2021-01-21'),
             (26, 3, 'O-1677811081', 3, '2021-01-20', 8.58, '2021-01-21'),
             (27, 3, 'O-1677811116', 10, '2021-01-21', 8.58, '2021-01-22'),
             (28, 3, 'O-1677811116', 10, '2021-01-21', 8.58, '2021-01-22'),
             (29, 3, 'O-1677811128', 1, '2021-01-21', 8.58, '2021-01-22'),
             (30, 3, 'O-1677811169', 10, '2021-01-22', 8.58, '2021-01-23'),
             (31, 3, 'O-1677811170', 10, '2021-01-22', 8.58, '2021-01-23'),
             (32, 3, 'O-1677811170', 10, '2021-01-22', 8.58, '2021-01-23'),
             (33, 3, 'O-1677811175', 1, '2021-01-22', 8.58, '2021-01-23'),
             (34, 3, 'O-1677811209', 3, '2021-01-22', 8.58, '2021-01-23'),
             (35, 3, 'O-1677811284', 10, '2021-01-23', 8.58, '2021-01-24'),
             (36, 3, 'O-1677811285', 10, '2021-01-23', 8.58, '2021-01-24'),
             (37, 3, 'O-1677811285', 10, '2021-01-23', 8.58, '2021-01-24'),
             (38, 3, 'O-1677811286', 10, '2021-01-23', 8.58, '2021-01-24'),
             (39, 3, 'O-1677811286', 10, '2021-01-23', NULL, NULL),
             (40, 3, 'O-1677811292', 5, '2021-01-23', 8.58, '2021-01-24'),
             (41, 3, 'O-1677811368', 40, '2021-01-24', NULL, NULL),
             (42, 3, 'O-1677811368', 40, '2021-01-24', NULL, NULL),
             (43, 3, 'O-1677811380', 9, '2021-01-24', NULL, NULL),
             (44, 3, 'O-1677811433', 100, '2021-01-25', NULL, NULL),
             (45, 3, 'O-1677811444', 40, '2021-01-25', NULL, NULL),
             (46, 3, 'O-1677811450', 4, '2021-01-25', 8.58, '2021-01-26'),
             (47, 3, 'O-1677811494', 233, '2021-01-26', NULL, NULL),
             (48, 3, 'O-1677811511', 377, '2021-01-27', NULL, NULL),
             (49, 3, 'O-1677811527', 610, '2021-01-28', NULL, NULL),
             (50, 3, 'O-1677811572', 987, '2021-01-29', NULL, NULL),
             (51, 3, 'O-1677811613', 1597, '2021-01-30', NULL, NULL);



SET FOREIGN_KEY_CHECKS=1;
COMMIT;
